Workbook

Sheet Kılavuz
B2: SYNTEGRA · PROJE TAKİP
B3: Proje Girişinden Çıktıya (Teslimat) Akıllı Takip Çalışma Kitabı
B5: İŞ AKIŞI (soldan sağa)
B6: ① Proje Girişi → ② Mühendislik (P&ID/Çizim + Revizyon Onayı) → ③ Ekipman Listesi → ④ Satın Alma / Teklif (Arşen onayı) → ⑤ Zaman Çizelgesi (Üretim · Test · Montaj · Sevkiyat) → ✓ Çıktı / Teslim
B8: SAYFALAR
B9: 1·Proje Girişi | C9: Yeni proje kaydı: kod, müşteri, sorumlu, başlangıç/termin, durum. İlerleme % ve kalan gün otomatik hesaplanır.
B10: 2·Mühendislik | C10: Her projenin P&ID/çizim aşaması ve revizyon onay döngüsü. Proje adı koddan otomatik gelir.
B11: 3·Ekipman Listesi | C11: Onaylı çizimden çıkan ekipman/alt parça listesi (BOM): body, adet, ölçü, malzeme, amaç, termin.
B12: 4·Satın Alma | C12: Tedarikçi teklifleri. Fiyat eşiği AŞILIRSA 'Arşen Onayı Gerekli' otomatik işaretlenir.
B13: 5·Zaman Çizelgesi | C13: Aşama bazlı Gantt verisi: başlangıç/bitiş, süre (gün) otomatik. Üretim→Test→Sevkiyat=çıktı.
B14: Özet (Dashboard) | C14: Tüm sayfaları formüllerle toplar: durum dağılımı, gecikenler, onay bekleyen teklif, para birimi bazlı tutar.
B15: Listeler | C15: Açılır liste kaynakları ve onay eşik tablosu. Elle düzenleme gerekmez.
B17: AKILLI ÖZELLİKLER
B18: Açılır listeler | C18: Durum, para birimi, onay durumu vb. hücreler listeden seçilir (yanlış giriş engellenir).
B19: Otomatik ilerleme % | C19: Proje durumu seçilince ilerleme yüzdesi otomatik dolar.
B20: Kalan gün / gecikme | C20: Termin geçmişse hücre KIRMIZI olur, kalan gün otomatik sayılır.
B21: Onay eşiği | C21: Satın almada fiyat eşiği (EUR/USD 3.000, TRY 150.000) aşılırsa Arşen onayı uyarısı çıkar.
B22: Sayfalar arası bağlantı | C22: Proje kodu seçilince proje adı diğer sayfalara otomatik gelir (VLOOKUP).
B23: Renkli durumlar | C23: Her durum kendi rengiyle gösterilir; özet pano canlı sayımlar tutar.
B25: ONAY EŞİKLERİ
B26: EUR | C26: 3.000 € üstü → Arşen onayı
B27: USD | C27: 3.000 $ üstü → Arşen onayı
B28: TRY | C28: 150.000 ₺ üstü → Arşen onayı

Sheet 1·Proje Girişi
A1: Proje Kodu | B1: Proje Adı | C1: Müşteri | D1: Kısaltma | E1: Arşen Sorumlu | F1: Syntegra Sorumlu | G1: Başlangıç | H1: Termin | I1: Durum | J1: İlerleme % | K1: Kalan Gün | L1: Süre Durumu | M1: Şartname Dosyaları | N1: Tasarım Dosyaları | O1: Açıklama
A2: SYN-2026-001 | B2: Süperkritik CO₂ Ekstraksiyon Hattı | C2: ACME Kimya A.Ş. | D2: ACME | E2: M. Sancak | F2: E. Yılmaz | G2: 46174 | H2: 46371 | I2: Mühendislik Sürecinde | J2: =IFERROR(VLOOKUP(I2,Listeler!$B$3:$C$9,2,FALSE),"") | K2: =IF(H2="","",IF(I2="Tamamlandı","✓",H2-TODAY())) | L2: =IF(H2="","",IF(I2="Tamamlandı","Tamamlandı",IF(H2<TODAY(),"GECİKTİ",IF(H2=TODAY(),"Bugün",H2-TODAY()&" gün kaldı")))) | O2: Pilot ölçek SFE ünitesi, 50 L reaktör.
J3: =IFERROR(VLOOKUP(I3,Listeler!$B$3:$C$9,2,FALSE),"") | K3: =IF(H3="","",IF(I3="Tamamlandı","✓",H3-TODAY())) | L3: =IF(H3="","",IF(I3="Tamamlandı","Tamamlandı",IF(H3<TODAY(),"GECİKTİ",IF(H3=TODAY(),"Bugün",H3-TODAY()&" gün kaldı"))))
J4: =IFERROR(VLOOKUP(I4,Listeler!$B$3:$C$9,2,FALSE),"") | K4: =IF(H4="","",IF(I4="Tamamlandı","✓",H4-TODAY())) | L4: =IF(H4="","",IF(I4="Tamamlandı","Tamamlandı",IF(H4<TODAY(),"GECİKTİ",IF(H4=TODAY(),"Bugün",H4-TODAY()&" gün kaldı"))))
J5: =IFERROR(VLOOKUP(I5,Listeler!$B$3:$C$9,2,FALSE),"") | K5: =IF(H5="","",IF(I5="Tamamlandı","✓",H5-TODAY())) | L5: =IF(H5="","",IF(I5="Tamamlandı","Tamamlandı",IF(H5<TODAY(),"GECİKTİ",IF(H5=TODAY(),"Bugün",H5-TODAY()&" gün kaldı"))))
J6: =IFERROR(VLOOKUP(I6,Listeler!$B$3:$C$9,2,FALSE),"") | K6: =IF(H6="","",IF(I6="Tamamlandı","✓",H6-TODAY())) | L6: =IF(H6="","",IF(I6="Tamamlandı","Tamamlandı",IF(H6<TODAY(),"GECİKTİ",IF(H6=TODAY(),"Bugün",H6-TODAY()&" gün kaldı"))))
J7: =IFERROR(VLOOKUP(I7,Listeler!$B$3:$C$9,2,FALSE),"") | K7: =IF(H7="","",IF(I7="Tamamlandı","✓",H7-TODAY())) | L7: =IF(H7="","",IF(I7="Tamamlandı","Tamamlandı",IF(H7<TODAY(),"GECİKTİ",IF(H7=TODAY(),"Bugün",H7-TODAY()&" gün kaldı"))))
J8: =IFERROR(VLOOKUP(I8,Listeler!$B$3:$C$9,2,FALSE),"") | K8: =IF(H8="","",IF(I8="Tamamlandı","✓",H8-TODAY())) | L8: =IF(H8="","",IF(I8="Tamamlandı","Tamamlandı",IF(H8<TODAY(),"GECİKTİ",IF(H8=TODAY(),"Bugün",H8-TODAY()&" gün kaldı"))))
J9: =IFERROR(VLOOKUP(I9,Listeler!$B$3:$C$9,2,FALSE),"") | K9: =IF(H9="","",IF(I9="Tamamlandı","✓",H9-TODAY())) | L9: =IF(H9="","",IF(I9="Tamamlandı","Tamamlandı",IF(H9<TODAY(),"GECİKTİ",IF(H9=TODAY(),"Bugün",H9-TODAY()&" gün kaldı"))))
J10: =IFERROR(VLOOKUP(I10,Listeler!$B$3:$C$9,2,FALSE),"") | K10: =IF(H10="","",IF(I10="Tamamlandı","✓",H10-TODAY())) | L10: =IF(H10="","",IF(I10="Tamamlandı","Tamamlandı",IF(H10<TODAY(),"GECİKTİ",IF(H10=TODAY(),"Bugün",H10-TODAY()&" gün kaldı"))))
J11: =IFERROR(VLOOKUP(I11,Listeler!$B$3:$C$9,2,FALSE),"") | K11: =IF(H11="","",IF(I11="Tamamlandı","✓",H11-TODAY())) | L11: =IF(H11="","",IF(I11="Tamamlandı","Tamamlandı",IF(H11<TODAY(),"GECİKTİ",IF(H11=TODAY(),"Bugün",H11-TODAY()&" gün kaldı"))))
J12: =IFERROR(VLOOKUP(I12,Listeler!$B$3:$C$9,2,FALSE),"") | K12: =IF(H12="","",IF(I12="Tamamlandı","✓",H12-TODAY())) | L12: =IF(H12="","",IF(I12="Tamamlandı","Tamamlandı",IF(H12<TODAY(),"GECİKTİ",IF(H12=TODAY(),"Bugün",H12-TODAY()&" gün kaldı"))))
J13: =IFERROR(VLOOKUP(I13,Listeler!$B$3:$C$9,2,FALSE),"") | K13: =IF(H13="","",IF(I13="Tamamlandı","✓",H13-TODAY())) | L13: =IF(H13="","",IF(I13="Tamamlandı","Tamamlandı",IF(H13<TODAY(),"GECİKTİ",IF(H13=TODAY(),"Bugün",H13-TODAY()&" gün kaldı"))))
J14: =IFERROR(VLOOKUP(I14,Listeler!$B$3:$C$9,2,FALSE),"") | K14: =IF(H14="","",IF(I14="Tamamlandı","✓",H14-TODAY())) | L14: =IF(H14="","",IF(I14="Tamamlandı","Tamamlandı",IF(H14<TODAY(),"GECİKTİ",IF(H14=TODAY(),"Bugün",H14-TODAY()&" gün kaldı"))))
... J81: =IFERROR(VLOOKUP(I81,Listeler!$B$3:$C$9,2,FALSE),"") | K81: =IF(H81="","",IF(I81="Tamamlandı","✓",H81-TODAY())) | L81: =IF(H81="","",IF(I81="Tamamlandı","Tamamlandı",IF(H81<TODAY(),"GECİKTİ",IF(H81=TODAY(),"Bugün",H81-TODAY()&" gün kaldı"))))

Sheet 2·Mühendislik
A1: Proje Kodu | B1: Proje Adı | C1: Durum | D1: Revizyon No | E1: P&ID Dosyaları | F1: Çizim Dosyaları | G1: Son Gönderim | H1: Karar Veren | I1: Karar Tarihi | J1: Satın Alma Sorumlusu | K1: Revizyon Notu / Geçmişi
A2: SYN-2026-001 | B2: =IFERROR(VLOOKUP(A2,'1·Proje Girişi'!$A:$B,2,FALSE),"") | C2: Revizyon İstendi | D2: 2 | K2: Rev.1: P&ID hat çapı revize. Rev.2: pompa konumu Arşen tarafından revizyona alındı.
B3: =IFERROR(VLOOKUP(A3,'1·Proje Girişi'!$A:$B,2,FALSE),"")
B4: =IFERROR(VLOOKUP(A4,'1·Proje Girişi'!$A:$B,2,FALSE),"")
B5: =IFERROR(VLOOKUP(A5,'1·Proje Girişi'!$A:$B,2,FALSE),"")
B6: =IFERROR(VLOOKUP(A6,'1·Proje Girişi'!$A:$B,2,FALSE),"")
B7: =IFERROR(VLOOKUP(A7,'1·Proje Girişi'!$A:$B,2,FALSE),"")
B8: =IFERROR(VLOOKUP(A8,'1·Proje Girişi'!$A:$B,2,FALSE),"")
B9: =IFERROR(VLOOKUP(A9,'1·Proje Girişi'!$A:$B,2,FALSE),"")
B10: =IFERROR(VLOOKUP(A10,'1·Proje Girişi'!$A:$B,2,FALSE),"")
B11: =IFERROR(VLOOKUP(A11,'1·Proje Girişi'!$A:$B,2,FALSE),"")
B12: =IFERROR(VLOOKUP(A12,'1·Proje Girişi'!$A:$B,2,FALSE),"")
B13: =IFERROR(VLOOKUP(A13,'1·Proje Girişi'!$A:$B,2,FALSE),"")
B14: =IFERROR(VLOOKUP(A14,'1·Proje Girişi'!$A:$B,2,FALSE),"")
... B81: =IFERROR(VLOOKUP(A81,'1·Proje Girişi'!$A:$B,2,FALSE),"")

Sheet 3·Ekipman Listesi
A1: Sıra | B1: Proje Kodu | C1: Proje Adı | D1: Body (Ana Ekipman) | E1: Alt Parça | F1: Adet | G1: Ölçü | H1: Malzeme Cinsi | I1: Malzeme Kalitesi | J1: Amaç | K1: Not | L1: Termin | M1: Üretim Termini
A2: =IF(B2="","",ROW()-1) | B2: SYN-2026-001 | C2: =IFERROR(VLOOKUP(B2,'1·Proje Girişi'!$A:$B,2,FALSE),"") | D2: Ekstraksiyon Reaktörü | E2: Reaktör gövdesi | F2: 1 | G2: Ø300 x 800 mm | H2: Paslanmaz | I2: 316L | J2: 50 L yüksek basınç haznesi
A3: =IF(B3="","",ROW()-1) | C3: =IFERROR(VLOOKUP(B3,'1·Proje Girişi'!$A:$B,2,FALSE),"")
A4: =IF(B4="","",ROW()-1) | C4: =IFERROR(VLOOKUP(B4,'1·Proje Girişi'!$A:$B,2,FALSE),"")
A5: =IF(B5="","",ROW()-1) | C5: =IFERROR(VLOOKUP(B5,'1·Proje Girişi'!$A:$B,2,FALSE),"")
A6: =IF(B6="","",ROW()-1) | C6: =IFERROR(VLOOKUP(B6,'1·Proje Girişi'!$A:$B,2,FALSE),"")
A7: =IF(B7="","",ROW()-1) | C7: =IFERROR(VLOOKUP(B7,'1·Proje Girişi'!$A:$B,2,FALSE),"")
A8: =IF(B8="","",ROW()-1) | C8: =IFERROR(VLOOKUP(B8,'1·Proje Girişi'!$A:$B,2,FALSE),"")
A9: =IF(B9="","",ROW()-1) | C9: =IFERROR(VLOOKUP(B9,'1·Proje Girişi'!$A:$B,2,FALSE),"")
A10: =IF(B10="","",ROW()-1) | C10: =IFERROR(VLOOKUP(B10,'1·Proje Girişi'!$A:$B,2,FALSE),"")
A11: =IF(B11="","",ROW()-1) | C11: =IFERROR(VLOOKUP(B11,'1·Proje Girişi'!$A:$B,2,FALSE),"")
A12: =IF(B12="","",ROW()-1) | C12: =IFERROR(VLOOKUP(B12,'1·Proje Girişi'!$A:$B,2,FALSE),"")
A13: =IF(B13="","",ROW()-1) | C13: =IFERROR(VLOOKUP(B13,'1·Proje Girişi'!$A:$B,2,FALSE),"")
A14: =IF(B14="","",ROW()-1) | C14: =IFERROR(VLOOKUP(B14,'1·Proje Girişi'!$A:$B,2,FALSE),"")
... A81: =IF(B81="","",ROW()-1) | C81: =IFERROR(VLOOKUP(B81,'1·Proje Girişi'!$A:$B,2,FALSE),"")

Sheet 4·Satın Alma
A1: Proje Kodu | B1: Ekipman / Alt Parça | C1: Tedarikçi | D1: Fiyat | E1: Para Birimi | F1: Eşik | G1: Onay Gerekli? | H1: Termin | I1: Ödeme Koşulu | J1: Teslimat | K1: Kazanan? | L1: Onay Durumu | M1: Onaylayan | N1: Onay Tarihi | O1: Süreç Durumu | P1: Onay Notu
A2: SYN-2026-001 | B2: Reaktör gövdesi 316L | C2: MetalTech Ltd. | D2: 4500 | E2: EUR | F2: =IFERROR(VLOOKUP(E2,Listeler!$E$3:$F$5,2,FALSE),"") | G2: =IF(OR(D2="",E2=""),"",IF(D2>F2,"Arşen Onayı Gerekli","Doğrudan (eşik altı)")) | I2: %50 peşin | J2: 6 hafta | K2: Evet | L2: bekliyor | O2: Onayda
F3: =IFERROR(VLOOKUP(E3,Listeler!$E$3:$F$5,2,FALSE),"") | G3: =IF(OR(D3="",E3=""),"",IF(D3>F3,"Arşen Onayı Gerekli","Doğrudan (eşik altı)"))
F4: =IFERROR(VLOOKUP(E4,Listeler!$E$3:$F$5,2,FALSE),"") | G4: =IF(OR(D4="",E4=""),"",IF(D4>F4,"Arşen Onayı Gerekli","Doğrudan (eşik altı)"))
F5: =IFERROR(VLOOKUP(E5,Listeler!$E$3:$F$5,2,FALSE),"") | G5: =IF(OR(D5="",E5=""),"",IF(D5>F5,"Arşen Onayı Gerekli","Doğrudan (eşik altı)"))
F6: =IFERROR(VLOOKUP(E6,Listeler!$E$3:$F$5,2,FALSE),"") | G6: =IF(OR(D6="",E6=""),"",IF(D6>F6,"Arşen Onayı Gerekli","Doğrudan (eşik altı)"))
F7: =IFERROR(VLOOKUP(E7,Listeler!$E$3:$F$5,2,FALSE),"") | G7: =IF(OR(D7="",E7=""),"",IF(D7>F7,"Arşen Onayı Gerekli","Doğrudan (eşik altı)"))
F8: =IFERROR(VLOOKUP(E8,Listeler!$E$3:$F$5,2,FALSE),"") | G8: =IF(OR(D8="",E8=""),"",IF(D8>F8,"Arşen Onayı Gerekli","Doğrudan (eşik altı)"))
F9: =IFERROR(VLOOKUP(E9,Listeler!$E$3:$F$5,2,FALSE),"") | G9: =IF(OR(D9="",E9=""),"",IF(D9>F9,"Arşen Onayı Gerekli","Doğrudan (eşik altı)"))
F10: =IFERROR(VLOOKUP(E10,Listeler!$E$3:$F$5,2,FALSE),"") | G10: =IF(OR(D10="",E10=""),"",IF(D10>F10,"Arşen Onayı Gerekli","Doğrudan (eşik altı)"))
F11: =IFERROR(VLOOKUP(E11,Listeler!$E$3:$F$5,2,FALSE),"") | G11: =IF(OR(D11="",E11=""),"",IF(D11>F11,"Arşen Onayı Gerekli","Doğrudan (eşik altı)"))
F12: =IFERROR(VLOOKUP(E12,Listeler!$E$3:$F$5,2,FALSE),"") | G12: =IF(OR(D12="",E12=""),"",IF(D12>F12,"Arşen Onayı Gerekli","Doğrudan (eşik altı)"))
F13: =IFERROR(VLOOKUP(E13,Listeler!$E$3:$F$5,2,FALSE),"") | G13: =IF(OR(D13="",E13=""),"",IF(D13>F13,"Arşen Onayı Gerekli","Doğrudan (eşik altı)"))
F14: =IFERROR(VLOOKUP(E14,Listeler!$E$3:$F$5,2,FALSE),"") | G14: =IF(OR(D14="",E14=""),"",IF(D14>F14,"Arşen Onayı Gerekli","Doğrudan (eşik altı)"))
... F81: =IFERROR(VLOOKUP(E81,Listeler!$E$3:$F$5,2,FALSE),"") | G81: =IF(OR(D81="",E81=""),"",IF(D81>F81,"Arşen Onayı Gerekli","Doğrudan (eşik altı)"))

Sheet 5·Zaman Çizelgesi
A1: Proje Kodu | B1: Proje Adı | C1: Aşama Tipi | D1: Body / Başlık | E1: Başlangıç | F1: Bitiş | G1: Süre (gün) | H1: Sorumlu | I1: Not
A2: SYN-2026-001 | B2: =IFERROR(VLOOKUP(A2,'1·Proje Girişi'!$A:$B,2,FALSE),"") | C2: Mühendislik | D2: P&ID + Genel Çizim | E2: 46174 | F2: 46218 | G2: =IF(OR(E2="",F2=""),"",F2-E2) | H2: E. Yılmaz
A3: SYN-2026-001 | B3: =IFERROR(VLOOKUP(A3,'1·Proje Girişi'!$A:$B,2,FALSE),"") | C3: Satın Alma | D3: Reaktör + pompa tedarik | E3: 46219 | F3: 46266 | G3: =IF(OR(E3="",F3=""),"",F3-E3) | H3: M. Sancak
A4: SYN-2026-001 | B4: =IFERROR(VLOOKUP(A4,'1·Proje Girişi'!$A:$B,2,FALSE),"") | C4: Üretim / İmalat | D4: Reaktör imalatı | E4: 46267 | F4: 46327 | G4: =IF(OR(E4="",F4=""),"",F4-E4) | H4: Atölye
A5: SYN-2026-001 | B5: =IFERROR(VLOOKUP(A5,'1·Proje Girişi'!$A:$B,2,FALSE),"") | C5: Test + Montaj + Sevkiyat | D5: FAT + montaj + sevk | E5: 46328 | F5: 46371 | G5: =IF(OR(E5="",F5=""),"",F5-E5) | H5: Saha
B6: =IFERROR(VLOOKUP(A6,'1·Proje Girişi'!$A:$B,2,FALSE),"") | G6: =IF(OR(E6="",F6=""),"",F6-E6)
B7: =IFERROR(VLOOKUP(A7,'1·Proje Girişi'!$A:$B,2,FALSE),"") | G7: =IF(OR(E7="",F7=""),"",F7-E7)
B8: =IFERROR(VLOOKUP(A8,'1·Proje Girişi'!$A:$B,2,FALSE),"") | G8: =IF(OR(E8="",F8=""),"",F8-E8)
B9: =IFERROR(VLOOKUP(A9,'1·Proje Girişi'!$A:$B,2,FALSE),"") | G9: =IF(OR(E9="",F9=""),"",F9-E9)
B10: =IFERROR(VLOOKUP(A10,'1·Proje Girişi'!$A:$B,2,FALSE),"") | G10: =IF(OR(E10="",F10=""),"",F10-E10)
B11: =IFERROR(VLOOKUP(A11,'1·Proje Girişi'!$A:$B,2,FALSE),"") | G11: =IF(OR(E11="",F11=""),"",F11-E11)
B12: =IFERROR(VLOOKUP(A12,'1·Proje Girişi'!$A:$B,2,FALSE),"") | G12: =IF(OR(E12="",F12=""),"",F12-E12)
B13: =IFERROR(VLOOKUP(A13,'1·Proje Girişi'!$A:$B,2,FALSE),"") | G13: =IF(OR(E13="",F13=""),"",F13-E13)
B14: =IFERROR(VLOOKUP(A14,'1·Proje Girişi'!$A:$B,2,FALSE),"") | G14: =IF(OR(E14="",F14=""),"",F14-E14)
B15: =IFERROR(VLOOKUP(A15,'1·Proje Girişi'!$A:$B,2,FALSE),"") | G15: =IF(OR(E15="",F15=""),"",F15-E15)
B16: =IFERROR(VLOOKUP(A16,'1·Proje Girişi'!$A:$B,2,FALSE),"") | G16: =IF(OR(E16="",F16=""),"",F16-E16)
B17: =IFERROR(VLOOKUP(A17,'1·Proje Girişi'!$A:$B,2,FALSE),"") | G17: =IF(OR(E17="",F17=""),"",F17-E17)
... B81: =IFERROR(VLOOKUP(A81,'1·Proje Girişi'!$A:$B,2,FALSE),"") | G81: =IF(OR(E81="",F81=""),"",F81-E81)

Sheet Özet
B2: ÖZET PANO
B3: Tüm sayfalardan canlı hesaplanır
B5: PROJE DURUM DAĞILIMI
B6: Taslak | C6: =COUNTIF('1·Proje Girişi'!$I:$I,B6)
B7: Onay Bekliyor | C7: =COUNTIF('1·Proje Girişi'!$I:$I,B7)
B8: Mühendislik Sürecinde | C8: =COUNTIF('1·Proje Girişi'!$I:$I,B8)
B9: Mühendislik Tamamlandı | C9: =COUNTIF('1·Proje Girişi'!$I:$I,B9)
B10: Satın Alma Sürecinde | C10: =COUNTIF('1·Proje Girişi'!$I:$I,B10)
B11: Tamamlandı | C11: =COUNTIF('1·Proje Girişi'!$I:$I,B11)
B12: İptal | C12: =COUNTIF('1·Proje Girişi'!$I:$I,B12)
B13: TOPLAM PROJE | C13: =COUNTA('1·Proje Girişi'!$A$2:$A$81)
B15: UYARILAR
B16: Gecikmiş proje | C16: =COUNTIF('1·Proje Girişi'!$L:$L,"GECİKTİ")
B17: Mühendislik onayı bekleyen | C17: =COUNTIF('2·Mühendislik'!$C:$C,"Onay Bekliyor")
B18: Revizyon istenen çizim | C18: =COUNTIF('2·Mühendislik'!$C:$C,"Revizyon İstendi")
B19: Satın alma onayı bekleyen | C19: =COUNTIF('4·Satın Alma'!$L:$L,"bekliyor")
B20: Arşen onayı gereken teklif | C20: =COUNTIF('4·Satın Alma'!$G:$G,"Arşen Onayı Gerekli")
B22: SATIN ALMA — KAZANAN TEKLİF TUTARI (para birimi bazlı)
B23: EUR | C23: =SUMIFS('4·Satın Alma'!$D:$D,'4·Satın Alma'!$E:$E,"EUR",'4·Satın Alma'!$K:$K,"Evet")
B24: TRY | C24: =SUMIFS('4·Satın Alma'!$D:$D,'4·Satın Alma'!$E:$E,"TRY",'4·Satın Alma'!$K:$K,"Evet")
B25: USD | C25: =SUMIFS('4·Satın Alma'!$D:$D,'4·Satın Alma'!$E:$E,"USD",'4·Satın Alma'!$K:$K,"Evet")

Sheet Listeler
B2: PROJE DURUMU → İLERLEME | E2: PARA BİRİMİ → ONAY EŞİĞİ
B3: Taslak | C3: 0 | E3: EUR | F3: 3000
B4: Onay Bekliyor | C4: 0.1 | E4: USD | F4: 3000
B5: Mühendislik Sürecinde | C5: 0.35 | E5: TRY | F5: 150000
B6: Mühendislik Tamamlandı | C6: 0.55
B7: Satın Alma Sürecinde | C7: 0.8
B8: Tamamlandı | C8: 1
B9: İptal | C9: 0
